[
  {
    "timestamp": "2025-07-25T10:03:56.768561",
    "assignments": {
      "mock_user_0_0b08e6": 3,
      "mock_user_1_bdc4a8": 1,
      "mock_user_2_e98b10": 2,
      "mock_user_3_f8bb8a": 2,
      "user123": 4,
      "mock_user_0_8e6d4a": 3,
      "mock_user_1_90a138": 3,
      "mock_user_2_00625d": 2,
      "mock_user_3_88b4a5": 2,
      "70135c33-1e36-45f6-a6a8-f39caa01227d": 0,
      "dffb2444-5362-449e-9106-b343a5e679c6": 0,
      "dffb2444-5362-449e-9106-b343a5e679c6-testdup1": 0,
      "dffb2444-5362-449e-9106-b343a5e679c6-testdup2": 0,
      "mock_user_0_187ca4": 1,
      "mock_user_1_05bf4b": 1,
      "mock_user_2_404771": 1,
      "mock_user_3_6bdf6f": 1,
      "mock_user_0_87d02e": 3,
      "mock_user_1_6a405f": 1,
      "mock_user_2_276c36": 4,
      "mock_user_3_870375": 4,
      "mock_user_0_0f2c5c": 1,
      "mock_user_1_276dce": 4,
      "mock_user_2_ada1f0": 1,
      "mock_user_3_808aaa": 1
    }
  },
  {
    "timestamp": "2025-07-25T10:21:18.649841",
    "assignments": {
      "mock_user_0_0b08e6": 3,
      "mock_user_1_bdc4a8": 1,
      "mock_user_2_e98b10": 2,
      "mock_user_3_f8bb8a": 2,
      "user123": 4,
      "mock_user_0_8e6d4a": 3,
      "mock_user_1_90a138": 3,
      "mock_user_2_00625d": 2,
      "mock_user_3_88b4a5": 2,
      "70135c33-1e36-45f6-a6a8-f39caa01227d": 0,
      "dffb2444-5362-449e-9106-b343a5e679c6": 0,
      "dffb2444-5362-449e-9106-b343a5e679c6-testdup1": 0,
      "dffb2444-5362-449e-9106-b343a5e679c6-testdup2": 0,
      "mock_user_0_187ca4": 1,
      "mock_user_1_05bf4b": 1,
      "mock_user_2_404771": 1,
      "mock_user_3_6bdf6f": 1,
      "mock_user_0_87d02e": 3,
      "mock_user_1_6a405f": 1,
      "mock_user_2_276c36": 4,
      "mock_user_3_870375": 4,
      "mock_user_0_0f2c5c": 1,
      "mock_user_1_276dce": 4,
      "mock_user_2_ada1f0": 1,
      "mock_user_3_808aaa": 1
    }
  },
  {
    "timestamp": "2025-07-25T10:21:27.476658",
    "assignments": {
      "mock_user_0_0b08e6": 3,
      "mock_user_1_bdc4a8": 1,
      "mock_user_2_e98b10": 2,
      "mock_user_3_f8bb8a": 2,
      "user123": 4,
      "mock_user_0_8e6d4a": 3,
      "mock_user_1_90a138": 3,
      "mock_user_2_00625d": 2,
      "mock_user_3_88b4a5": 2,
      "70135c33-1e36-45f6-a6a8-f39caa01227d": 0,
      "dffb2444-5362-449e-9106-b343a5e679c6": 0,
      "dffb2444-5362-449e-9106-b343a5e679c6-testdup1": 0,
      "dffb2444-5362-449e-9106-b343a5e679c6-testdup2": 0,
      "mock_user_0_187ca4": 1,
      "mock_user_1_05bf4b": 1,
      "mock_user_2_404771": 1,
      "mock_user_3_6bdf6f": 1,
      "mock_user_0_87d02e": 3,
      "mock_user_1_6a405f": 1,
      "mock_user_2_276c36": 4,
      "mock_user_3_870375": 4,
      "mock_user_0_0f2c5c": 1,
      "mock_user_1_276dce": 4,
      "mock_user_2_ada1f0": 1,
      "mock_user_3_808aaa": 1
    }
  },
  {
    "timestamp": "2025-07-25T10:24:22.053673",
    "assignments": {
      "mock_user_0_0b08e6": 3,
      "mock_user_1_bdc4a8": 1,
      "mock_user_2_e98b10": 2,
      "mock_user_3_f8bb8a": 2,
      "user123": 4,
      "mock_user_0_8e6d4a": 3,
      "mock_user_1_90a138": 3,
      "mock_user_2_00625d": 2,
      "mock_user_3_88b4a5": 2,
      "70135c33-1e36-45f6-a6a8-f39caa01227d": 0,
      "dffb2444-5362-449e-9106-b343a5e679c6": 0,
      "dffb2444-5362-449e-9106-b343a5e679c6-testdup1": 0,
      "dffb2444-5362-449e-9106-b343a5e679c6-testdup2": 0,
      "mock_user_0_187ca4": 1,
      "mock_user_1_05bf4b": 1,
      "mock_user_2_404771": 1,
      "mock_user_3_6bdf6f": 1,
      "mock_user_0_87d02e": 3,
      "mock_user_1_6a405f": 1,
      "mock_user_2_276c36": 4,
      "mock_user_3_870375": 4,
      "mock_user_0_0f2c5c": 1,
      "mock_user_1_276dce": 4,
      "mock_user_2_ada1f0": 1,
      "mock_user_3_808aaa": 1
    }
  },
  {
    "timestamp": "2025-07-25T10:25:01.215051",
    "assignments": {
      "mock_user_0_0b08e6": 3,
      "mock_user_1_bdc4a8": 1,
      "mock_user_2_e98b10": 2,
      "mock_user_3_f8bb8a": 2,
      "user123": 4,
      "mock_user_0_8e6d4a": 3,
      "mock_user_1_90a138": 3,
      "mock_user_2_00625d": 2,
      "mock_user_3_88b4a5": 2,
      "70135c33-1e36-45f6-a6a8-f39caa01227d": 0,
      "dffb2444-5362-449e-9106-b343a5e679c6": 0,
      "dffb2444-5362-449e-9106-b343a5e679c6-testdup1": 0,
      "dffb2444-5362-449e-9106-b343a5e679c6-testdup2": 0,
      "mock_user_0_187ca4": 1,
      "mock_user_1_05bf4b": 1,
      "mock_user_2_404771": 1,
      "mock_user_3_6bdf6f": 1,
      "mock_user_0_87d02e": 3,
      "mock_user_1_6a405f": 1,
      "mock_user_2_276c36": 4,
      "mock_user_3_870375": 4,
      "mock_user_0_0f2c5c": 1,
      "mock_user_1_276dce": 4,
      "mock_user_2_ada1f0": 1,
      "mock_user_3_808aaa": 1
    }
  },
  {
    "timestamp": "2025-07-25T11:23:03.660813",
    "assignments": {
      "mock_user_0_0b08e6": 3,
      "mock_user_1_bdc4a8": 1,
      "mock_user_2_e98b10": 2,
      "mock_user_3_f8bb8a": 2,
      "user123": 4,
      "mock_user_0_8e6d4a": 3,
      "mock_user_1_90a138": 3,
      "mock_user_2_00625d": 2,
      "mock_user_3_88b4a5": 2,
      "70135c33-1e36-45f6-a6a8-f39caa01227d": 0,
      "dffb2444-5362-449e-9106-b343a5e679c6": 0,
      "dffb2444-5362-449e-9106-b343a5e679c6-testdup1": 0,
      "dffb2444-5362-449e-9106-b343a5e679c6-testdup2": 0,
      "mock_user_0_187ca4": 1,
      "mock_user_1_05bf4b": 1,
      "mock_user_2_404771": 1,
      "mock_user_3_6bdf6f": 1,
      "mock_user_0_87d02e": 3,
      "mock_user_1_6a405f": 1,
      "mock_user_2_276c36": 4,
      "mock_user_3_870375": 4,
      "mock_user_0_0f2c5c": 1,
      "mock_user_1_276dce": 4,
      "mock_user_2_ada1f0": 1,
      "mock_user_3_808aaa": 1
    }
  },
  {
    "timestamp": "2025-07-25T13:04:14.885745",
    "assignments": {
      "mock_user_0_0b08e6": 3,
      "mock_user_1_bdc4a8": 1,
      "mock_user_2_e98b10": 2,
      "mock_user_3_f8bb8a": 2,
      "user123": 4,
      "mock_user_0_8e6d4a": 3,
      "mock_user_1_90a138": 3,
      "mock_user_2_00625d": 2,
      "mock_user_3_88b4a5": 2,
      "70135c33-1e36-45f6-a6a8-f39caa01227d": 0,
      "dffb2444-5362-449e-9106-b343a5e679c6": 0,
      "dffb2444-5362-449e-9106-b343a5e679c6-testdup1": 0,
      "dffb2444-5362-449e-9106-b343a5e679c6-testdup2": 0,
      "mock_user_0_187ca4": 1,
      "mock_user_1_05bf4b": 1,
      "mock_user_2_404771": 1,
      "mock_user_3_6bdf6f": 1,
      "mock_user_0_87d02e": 3,
      "mock_user_1_6a405f": 1,
      "mock_user_2_276c36": 4,
      "mock_user_3_870375": 4,
      "mock_user_0_0f2c5c": 1,
      "mock_user_1_276dce": 4,
      "mock_user_2_ada1f0": 1,
      "mock_user_3_808aaa": 1
    }
  },
  {
    "timestamp": "2025-07-25T15:25:09.158066",
    "assignments": {
      "mock_user_0_0b08e6": 3,
      "mock_user_1_bdc4a8": 4,
      "mock_user_2_e98b10": 2,
      "mock_user_3_f8bb8a": 2,
      "user123": 0,
      "mock_user_0_8e6d4a": 3,
      "mock_user_1_90a138": 3,
      "mock_user_2_00625d": 2,
      "mock_user_3_88b4a5": 2,
      "70135c33-1e36-45f6-a6a8-f39caa01227d": 0,
      "dffb2444-5362-449e-9106-b343a5e679c6": 0,
      "dffb2444-5362-449e-9106-b343a5e679c6-testdup1": 0,
      "dffb2444-5362-449e-9106-b343a5e679c6-testdup2": 0,
      "mock_user_0_187ca4": 4,
      "mock_user_1_05bf4b": 1,
      "mock_user_2_404771": 1,
      "mock_user_3_6bdf6f": 4,
      "mock_user_0_87d02e": 3,
      "mock_user_1_6a405f": 4,
      "mock_user_2_276c36": 0,
      "mock_user_3_870375": 0,
      "mock_user_0_0f2c5c": 1,
      "mock_user_1_276dce": 0,
      "mock_user_2_ada1f0": 4,
      "mock_user_3_808aaa": 4,
      "mock_user_0_34da0c": 3,
      "mock_user_1_9a3499": 0,
      "mock_user_2_a974b4": 2,
      "mock_user_3_ef6d1f": 2
    }
  },
  {
    "timestamp": "2025-07-25T15:39:38.999949",
    "assignments": {
      "mock_user_0_0b08e6": 1,
      "mock_user_1_bdc4a8": 3,
      "mock_user_2_e98b10": 2,
      "mock_user_3_f8bb8a": 2,
      "user123": 4,
      "mock_user_0_8e6d4a": 1,
      "mock_user_1_90a138": 1,
      "mock_user_2_00625d": 4,
      "mock_user_3_88b4a5": 4,
      "70135c33-1e36-45f6-a6a8-f39caa01227d": 0,
      "dffb2444-5362-449e-9106-b343a5e679c6": 0,
      "dffb2444-5362-449e-9106-b343a5e679c6-testdup1": 0,
      "dffb2444-5362-449e-9106-b343a5e679c6-testdup2": 0,
      "mock_user_0_187ca4": 3,
      "mock_user_1_05bf4b": 1,
      "mock_user_2_404771": 1,
      "mock_user_3_6bdf6f": 3,
      "mock_user_0_87d02e": 1,
      "mock_user_1_6a405f": 3,
      "mock_user_2_276c36": 0,
      "mock_user_3_870375": 0,
      "mock_user_0_0f2c5c": 1,
      "mock_user_1_276dce": 0,
      "mock_user_2_ada1f0": 3,
      "mock_user_3_808aaa": 3,
      "mock_user_0_34da0c": 1,
      "mock_user_1_9a3499": 0,
      "mock_user_2_a974b4": 2,
      "mock_user_3_ef6d1f": 2,
      "mock_user_0_ce80dd": 4,
      "mock_user_1_0a1fef": 1,
      "mock_user_2_c1cfe6": 3,
      "mock_user_3_14f8c0": 4
    }
  },
  {
    "timestamp": "2025-07-25T16:16:44.248438",
    "assignments": {
      "mock_user_0_0b08e6": 0,
      "mock_user_1_bdc4a8": 0,
      "mock_user_2_e98b10": 2,
      "mock_user_3_f8bb8a": 4,
      "user123": 4,
      "mock_user_0_8e6d4a": 3,
      "mock_user_1_90a138": 0,
      "mock_user_2_00625d": 2,
      "mock_user_3_88b4a5": 2,
      "70135c33-1e36-45f6-a6a8-f39caa01227d": 1,
      "dffb2444-5362-449e-9106-b343a5e679c6": 1,
      "dffb2444-5362-449e-9106-b343a5e679c6-testdup1": 1,
      "dffb2444-5362-449e-9106-b343a5e679c6-testdup2": 1,
      "mock_user_0_187ca4": 0,
      "mock_user_1_05bf4b": 3,
      "mock_user_2_404771": 0,
      "mock_user_3_6bdf6f": 0,
      "mock_user_0_87d02e": 3,
      "mock_user_1_6a405f": 0,
      "mock_user_2_276c36": 4,
      "mock_user_3_870375": 1,
      "mock_user_0_0f2c5c": 0,
      "mock_user_1_276dce": 1,
      "mock_user_2_ada1f0": 0,
      "mock_user_3_808aaa": 0,
      "mock_user_0_34da0c": 0,
      "mock_user_1_9a3499": 1,
      "mock_user_2_a974b4": 2,
      "mock_user_3_ef6d1f": 2,
      "mock_user_0_ce80dd": 4,
      "mock_user_1_0a1fef": 3,
      "mock_user_2_c1cfe6": 0,
      "mock_user_3_14f8c0": 4,
      "mock_user_0_a44243": 2,
      "mock_user_1_4de875": 4,
      "mock_user_2_c5a480": 4,
      "mock_user_3_29280a": 0
    }
  },
  {
    "timestamp": "2025-07-28T11:21:22.066400",
    "assignments": {
      "mock_user_0_0b08e6": 0,
      "mock_user_1_bdc4a8": 0,
      "mock_user_2_e98b10": 2,
      "mock_user_3_f8bb8a": 4,
      "user123": 4,
      "mock_user_0_8e6d4a": 3,
      "mock_user_1_90a138": 0,
      "mock_user_2_00625d": 2,
      "mock_user_3_88b4a5": 2,
      "70135c33-1e36-45f6-a6a8-f39caa01227d": 1,
      "dffb2444-5362-449e-9106-b343a5e679c6": 1,
      "dffb2444-5362-449e-9106-b343a5e679c6-testdup1": 1,
      "dffb2444-5362-449e-9106-b343a5e679c6-testdup2": 1,
      "mock_user_0_187ca4": 0,
      "mock_user_1_05bf4b": 3,
      "mock_user_2_404771": 0,
      "mock_user_3_6bdf6f": 0,
      "mock_user_0_87d02e": 3,
      "mock_user_1_6a405f": 0,
      "mock_user_2_276c36": 4,
      "mock_user_3_870375": 1,
      "mock_user_0_0f2c5c": 0,
      "mock_user_1_276dce": 1,
      "mock_user_2_ada1f0": 0,
      "mock_user_3_808aaa": 0,
      "mock_user_0_34da0c": 0,
      "mock_user_1_9a3499": 1,
      "mock_user_2_a974b4": 2,
      "mock_user_3_ef6d1f": 2,
      "mock_user_0_ce80dd": 4,
      "mock_user_1_0a1fef": 3,
      "mock_user_2_c1cfe6": 0,
      "mock_user_3_14f8c0": 4,
      "mock_user_0_a44243": 2,
      "mock_user_1_4de875": 4,
      "mock_user_2_c5a480": 4,
      "mock_user_3_29280a": 0
    }
  },
  {
    "timestamp": "2025-07-28T12:48:25.323300",
    "assignments": {
      "mock_user_0_0b08e6": 0,
      "mock_user_1_bdc4a8": 1,
      "mock_user_2_e98b10": 2,
      "mock_user_3_f8bb8a": 2,
      "user123": 1,
      "mock_user_0_8e6d4a": 0,
      "mock_user_1_90a138": 0,
      "mock_user_2_00625d": 2,
      "mock_user_3_88b4a5": 2,
      "70135c33-1e36-45f6-a6a8-f39caa01227d": 1,
      "dffb2444-5362-449e-9106-b343a5e679c6": 1,
      "dffb2444-5362-449e-9106-b343a5e679c6-testdup1": 1,
      "dffb2444-5362-449e-9106-b343a5e679c6-testdup2": 1,
      "mock_user_0_187ca4": 0,
      "mock_user_1_05bf4b": 0,
      "mock_user_2_404771": 0,
      "mock_user_3_6bdf6f": 1,
      "mock_user_0_87d02e": 0,
      "mock_user_1_6a405f": 0,
      "mock_user_2_276c36": 1,
      "mock_user_3_870375": 1,
      "mock_user_0_0f2c5c": 0,
      "mock_user_1_276dce": 1,
      "mock_user_2_ada1f0": 0,
      "mock_user_3_808aaa": 1,
      "mock_user_0_34da0c": 0,
      "mock_user_1_9a3499": 1,
      "mock_user_2_a974b4": 2,
      "mock_user_3_ef6d1f": 2,
      "mock_user_0_ce80dd": 1,
      "mock_user_1_0a1fef": 0,
      "mock_user_2_c1cfe6": 0,
      "mock_user_3_14f8c0": 2,
      "mock_user_0_a44243": 2,
      "mock_user_1_4de875": 2,
      "mock_user_2_c5a480": 1,
      "mock_user_3_29280a": 0,
      "mock_user_0_057572": 1,
      "mock_user_1_4264ff": 0,
      "mock_user_2_c3cf7f": 1,
      "mock_user_3_ac2050": 1,
      "18cbeaa0-7fcf-48b5-b12e-4791c0de51fd": 1
    }
  },
  {
    "timestamp": "2025-07-28T12:48:52.342071",
    "assignments": {
      "mock_user_0_0b08e6": 0,
      "mock_user_1_bdc4a8": 0,
      "mock_user_2_e98b10": 1,
      "mock_user_3_f8bb8a": 1,
      "user123": 2,
      "mock_user_0_8e6d4a": 1,
      "mock_user_1_90a138": 0,
      "mock_user_2_00625d": 1,
      "mock_user_3_88b4a5": 1,
      "70135c33-1e36-45f6-a6a8-f39caa01227d": 2,
      "dffb2444-5362-449e-9106-b343a5e679c6": 2,
      "dffb2444-5362-449e-9106-b343a5e679c6-testdup1": 2,
      "dffb2444-5362-449e-9106-b343a5e679c6-testdup2": 2,
      "mock_user_0_187ca4": 0,
      "mock_user_1_05bf4b": 0,
      "mock_user_2_404771": 0,
      "mock_user_3_6bdf6f": 0,
      "mock_user_0_87d02e": 0,
      "mock_user_1_6a405f": 0,
      "mock_user_2_276c36": 2,
      "mock_user_3_870375": 2,
      "mock_user_0_0f2c5c": 0,
      "mock_user_1_276dce": 2,
      "mock_user_2_ada1f0": 0,
      "mock_user_3_808aaa": 0,
      "mock_user_0_34da0c": 0,
      "mock_user_1_9a3499": 2,
      "mock_user_2_a974b4": 1,
      "mock_user_3_ef6d1f": 1,
      "mock_user_0_ce80dd": 2,
      "mock_user_1_0a1fef": 1,
      "mock_user_2_c1cfe6": 0,
      "mock_user_3_14f8c0": 1,
      "mock_user_0_a44243": 1,
      "mock_user_1_4de875": 1,
      "mock_user_2_c5a480": 2,
      "mock_user_3_29280a": 0,
      "mock_user_0_057572": 0,
      "mock_user_1_4264ff": 1,
      "mock_user_2_c3cf7f": 0,
      "mock_user_3_ac2050": 2,
      "18cbeaa0-7fcf-48b5-b12e-4791c0de51fd": 2,
      "6c60589b-7057-4dca-8980-76b90f1e58f9": 2
    }
  },
  {
    "timestamp": "2025-07-28T12:54:31.539523",
    "assignments": {
      "mock_user_0_0b08e6": 0,
      "mock_user_1_bdc4a8": 0,
      "mock_user_2_e98b10": 1,
      "mock_user_3_f8bb8a": 1,
      "user123": 1,
      "mock_user_0_8e6d4a": 2,
      "mock_user_1_90a138": 0,
      "mock_user_2_00625d": 1,
      "mock_user_3_88b4a5": 1,
      "70135c33-1e36-45f6-a6a8-f39caa01227d": 1,
      "dffb2444-5362-449e-9106-b343a5e679c6": 1,
      "dffb2444-5362-449e-9106-b343a5e679c6-testdup1": 1,
      "dffb2444-5362-449e-9106-b343a5e679c6-testdup2": 1,
      "mock_user_0_187ca4": 0,
      "mock_user_1_05bf4b": 2,
      "mock_user_2_404771": 0,
      "mock_user_3_6bdf6f": 0,
      "mock_user_0_87d02e": 2,
      "mock_user_1_6a405f": 0,
      "mock_user_2_276c36": 1,
      "mock_user_3_870375": 1,
      "mock_user_0_0f2c5c": 0,
      "mock_user_1_276dce": 1,
      "mock_user_2_ada1f0": 0,
      "mock_user_3_808aaa": 0,
      "mock_user_0_34da0c": 0,
      "mock_user_1_9a3499": 1,
      "mock_user_2_a974b4": 2,
      "mock_user_3_ef6d1f": 1,
      "mock_user_0_ce80dd": 1,
      "mock_user_1_0a1fef": 2,
      "mock_user_2_c1cfe6": 0,
      "mock_user_3_14f8c0": 1,
      "mock_user_0_a44243": 1,
      "mock_user_1_4de875": 1,
      "mock_user_2_c5a480": 1,
      "mock_user_3_29280a": 0,
      "mock_user_0_057572": 0,
      "mock_user_1_4264ff": 2,
      "mock_user_2_c3cf7f": 0,
      "mock_user_3_ac2050": 1,
      "18cbeaa0-7fcf-48b5-b12e-4791c0de51fd": 1,
      "6c60589b-7057-4dca-8980-76b90f1e58f9": 1,
      "afead523-0803-4b97-9a3a-2024f5af75e9": 1
    }
  },
  {
    "timestamp": "2025-07-28T13:15:34.924082",
    "assignments": {
      "mock_user_0_0b08e6": 0,
      "mock_user_1_bdc4a8": 0,
      "mock_user_2_e98b10": 1,
      "mock_user_3_f8bb8a": 1,
      "user123": 1,
      "mock_user_0_8e6d4a": 2,
      "mock_user_1_90a138": 0,
      "mock_user_2_00625d": 1,
      "mock_user_3_88b4a5": 1,
      "70135c33-1e36-45f6-a6a8-f39caa01227d": 1,
      "dffb2444-5362-449e-9106-b343a5e679c6": 1,
      "dffb2444-5362-449e-9106-b343a5e679c6-testdup1": 1,
      "dffb2444-5362-449e-9106-b343a5e679c6-testdup2": 1,
      "mock_user_0_187ca4": 0,
      "mock_user_1_05bf4b": 2,
      "mock_user_2_404771": 0,
      "mock_user_3_6bdf6f": 0,
      "mock_user_0_87d02e": 2,
      "mock_user_1_6a405f": 0,
      "mock_user_2_276c36": 1,
      "mock_user_3_870375": 1,
      "mock_user_0_0f2c5c": 0,
      "mock_user_1_276dce": 1,
      "mock_user_2_ada1f0": 0,
      "mock_user_3_808aaa": 0,
      "mock_user_0_34da0c": 0,
      "mock_user_1_9a3499": 1,
      "mock_user_2_a974b4": 2,
      "mock_user_3_ef6d1f": 1,
      "mock_user_0_ce80dd": 1,
      "mock_user_1_0a1fef": 2,
      "mock_user_2_c1cfe6": 0,
      "mock_user_3_14f8c0": 1,
      "mock_user_0_a44243": 1,
      "mock_user_1_4de875": 1,
      "mock_user_2_c5a480": 1,
      "mock_user_3_29280a": 0,
      "mock_user_0_057572": 0,
      "mock_user_1_4264ff": 2,
      "mock_user_2_c3cf7f": 0,
      "mock_user_3_ac2050": 1,
      "18cbeaa0-7fcf-48b5-b12e-4791c0de51fd": 1,
      "6c60589b-7057-4dca-8980-76b90f1e58f9": 1,
      "afead523-0803-4b97-9a3a-2024f5af75e9": 1,
      "ea09e466-f7b7-4229-96fd-cf50d379c6ac": 0
    }
  },
  {
    "timestamp": "2025-07-28T13:15:35.619180",
    "assignments": {
      "mock_user_0_0b08e6": 0,
      "mock_user_1_bdc4a8": 0,
      "mock_user_2_e98b10": 2,
      "mock_user_3_f8bb8a": 2,
      "user123": 1,
      "mock_user_0_8e6d4a": 0,
      "mock_user_1_90a138": 0,
      "mock_user_2_00625d": 2,
      "mock_user_3_88b4a5": 2,
      "70135c33-1e36-45f6-a6a8-f39caa01227d": 1,
      "dffb2444-5362-449e-9106-b343a5e679c6": 1,
      "dffb2444-5362-449e-9106-b343a5e679c6-testdup1": 1,
      "dffb2444-5362-449e-9106-b343a5e679c6-testdup2": 1,
      "mock_user_0_187ca4": 0,
      "mock_user_1_05bf4b": 0,
      "mock_user_2_404771": 0,
      "mock_user_3_6bdf6f": 0,
      "mock_user_0_87d02e": 0,
      "mock_user_1_6a405f": 0,
      "mock_user_2_276c36": 1,
      "mock_user_3_870375": 1,
      "mock_user_0_0f2c5c": 0,
      "mock_user_1_276dce": 1,
      "mock_user_2_ada1f0": 0,
      "mock_user_3_808aaa": 0,
      "mock_user_0_34da0c": 0,
      "mock_user_1_9a3499": 1,
      "mock_user_2_a974b4": 2,
      "mock_user_3_ef6d1f": 2,
      "mock_user_0_ce80dd": 1,
      "mock_user_1_0a1fef": 0,
      "mock_user_2_c1cfe6": 0,
      "mock_user_3_14f8c0": 2,
      "mock_user_0_a44243": 2,
      "mock_user_1_4de875": 2,
      "mock_user_2_c5a480": 1,
      "mock_user_3_29280a": 0,
      "mock_user_0_057572": 0,
      "mock_user_1_4264ff": 0,
      "mock_user_2_c3cf7f": 0,
      "mock_user_3_ac2050": 1,
      "18cbeaa0-7fcf-48b5-b12e-4791c0de51fd": 1,
      "6c60589b-7057-4dca-8980-76b90f1e58f9": 1,
      "afead523-0803-4b97-9a3a-2024f5af75e9": 1,
      "ea09e466-f7b7-4229-96fd-cf50d379c6ac": 0,
      "fd7628ea-8106-444f-a17b-92d1ab60b74d": 1
    }
  },
  {
    "timestamp": "2025-07-28T13:17:45.195240+00:00",
    "assignments": {
      "mock_user_0_0b08e6": 0,
      "mock_user_1_bdc4a8": 1,
      "mock_user_2_e98b10": 2,
      "mock_user_3_f8bb8a": 2,
      "user123": 2,
      "mock_user_0_8e6d4a": 0,
      "mock_user_1_90a138": 0,
      "mock_user_2_00625d": 2,
      "mock_user_3_88b4a5": 2,
      "70135c33-1e36-45f6-a6a8-f39caa01227d": 1,
      "dffb2444-5362-449e-9106-b343a5e679c6": 1,
      "dffb2444-5362-449e-9106-b343a5e679c6-testdup1": 1,
      "dffb2444-5362-449e-9106-b343a5e679c6-testdup2": 1,
      "mock_user_0_187ca4": 0,
      "mock_user_1_05bf4b": 0,
      "mock_user_2_404771": 0,
      "mock_user_3_6bdf6f": 1,
      "mock_user_0_87d02e": 0,
      "mock_user_1_6a405f": 0,
      "mock_user_2_276c36": 1,
      "mock_user_3_870375": 1,
      "mock_user_0_0f2c5c": 0,
      "mock_user_1_276dce": 1,
      "mock_user_2_ada1f0": 0,
      "mock_user_3_808aaa": 1,
      "mock_user_0_34da0c": 0,
      "mock_user_1_9a3499": 1,
      "mock_user_2_a974b4": 2,
      "mock_user_3_ef6d1f": 2,
      "mock_user_0_ce80dd": 2,
      "mock_user_1_0a1fef": 0,
      "mock_user_2_c1cfe6": 1,
      "mock_user_3_14f8c0": 2,
      "mock_user_0_a44243": 2,
      "mock_user_1_4de875": 2,
      "mock_user_2_c5a480": 2,
      "mock_user_3_29280a": 0,
      "mock_user_0_057572": 1,
      "mock_user_1_4264ff": 0,
      "mock_user_2_c3cf7f": 1,
      "mock_user_3_ac2050": 2,
      "18cbeaa0-7fcf-48b5-b12e-4791c0de51fd": 1,
      "6c60589b-7057-4dca-8980-76b90f1e58f9": 1,
      "afead523-0803-4b97-9a3a-2024f5af75e9": 2,
      "ea09e466-f7b7-4229-96fd-cf50d379c6ac": 1,
      "fd7628ea-8106-444f-a17b-92d1ab60b74d": 2,
      "7a7a5efa-49fb-4971-a3b3-6e9fb2d97041": 1
    }
  },
  {
    "timestamp": "2025-07-28T13:17:45.916627+00:00",
    "assignments": {
      "mock_user_0_0b08e6": 0,
      "mock_user_1_bdc4a8": 1,
      "mock_user_2_e98b10": 2,
      "mock_user_3_f8bb8a": 2,
      "user123": 1,
      "mock_user_0_8e6d4a": 0,
      "mock_user_1_90a138": 0,
      "mock_user_2_00625d": 2,
      "mock_user_3_88b4a5": 2,
      "70135c33-1e36-45f6-a6a8-f39caa01227d": 1,
      "dffb2444-5362-449e-9106-b343a5e679c6": 1,
      "dffb2444-5362-449e-9106-b343a5e679c6-testdup1": 1,
      "dffb2444-5362-449e-9106-b343a5e679c6-testdup2": 1,
      "mock_user_0_187ca4": 0,
      "mock_user_1_05bf4b": 0,
      "mock_user_2_404771": 0,
      "mock_user_3_6bdf6f": 1,
      "mock_user_0_87d02e": 0,
      "mock_user_1_6a405f": 0,
      "mock_user_2_276c36": 1,
      "mock_user_3_870375": 1,
      "mock_user_0_0f2c5c": 0,
      "mock_user_1_276dce": 1,
      "mock_user_2_ada1f0": 0,
      "mock_user_3_808aaa": 1,
      "mock_user_0_34da0c": 0,
      "mock_user_1_9a3499": 1,
      "mock_user_2_a974b4": 2,
      "mock_user_3_ef6d1f": 2,
      "mock_user_0_ce80dd": 1,
      "mock_user_1_0a1fef": 0,
      "mock_user_2_c1cfe6": 0,
      "mock_user_3_14f8c0": 2,
      "mock_user_0_a44243": 2,
      "mock_user_1_4de875": 2,
      "mock_user_2_c5a480": 1,
      "mock_user_3_29280a": 0,
      "mock_user_0_057572": 1,
      "mock_user_1_4264ff": 0,
      "mock_user_2_c3cf7f": 1,
      "mock_user_3_ac2050": 1,
      "18cbeaa0-7fcf-48b5-b12e-4791c0de51fd": 1,
      "6c60589b-7057-4dca-8980-76b90f1e58f9": 1,
      "afead523-0803-4b97-9a3a-2024f5af75e9": 1,
      "ea09e466-f7b7-4229-96fd-cf50d379c6ac": 1,
      "fd7628ea-8106-444f-a17b-92d1ab60b74d": 1,
      "7a7a5efa-49fb-4971-a3b3-6e9fb2d97041": 1,
      "2efd5be1-5621-48b6-81b8-fc4e83f5d935": 1
    }
  },
  {
    "timestamp": "2025-07-28T13:58:43.738350+00:00",
    "assignments": {
      "mock_user_0_0b08e6": 0,
      "mock_user_1_bdc4a8": 0,
      "mock_user_2_e98b10": 2,
      "mock_user_3_f8bb8a": 2,
      "user123": 1,
      "mock_user_0_8e6d4a": 0,
      "mock_user_1_90a138": 0,
      "mock_user_2_00625d": 2,
      "mock_user_3_88b4a5": 2,
      "70135c33-1e36-45f6-a6a8-f39caa01227d": 1,
      "dffb2444-5362-449e-9106-b343a5e679c6": 1,
      "dffb2444-5362-449e-9106-b343a5e679c6-testdup1": 1,
      "dffb2444-5362-449e-9106-b343a5e679c6-testdup2": 1,
      "mock_user_0_187ca4": 0,
      "mock_user_1_05bf4b": 0,
      "mock_user_2_404771": 0,
      "mock_user_3_6bdf6f": 0,
      "mock_user_0_87d02e": 0,
      "mock_user_1_6a405f": 0,
      "mock_user_2_276c36": 1,
      "mock_user_3_870375": 1,
      "mock_user_0_0f2c5c": 0,
      "mock_user_1_276dce": 1,
      "mock_user_2_ada1f0": 0,
      "mock_user_3_808aaa": 0,
      "mock_user_0_34da0c": 0,
      "mock_user_1_9a3499": 1,
      "mock_user_2_a974b4": 2,
      "mock_user_3_ef6d1f": 2,
      "mock_user_0_ce80dd": 1,
      "mock_user_1_0a1fef": 0,
      "mock_user_2_c1cfe6": 0,
      "mock_user_3_14f8c0": 2,
      "mock_user_0_a44243": 2,
      "mock_user_1_4de875": 2,
      "mock_user_2_c5a480": 1,
      "mock_user_3_29280a": 0,
      "mock_user_0_057572": 0,
      "mock_user_1_4264ff": 0,
      "mock_user_2_c3cf7f": 0,
      "mock_user_3_ac2050": 1,
      "18cbeaa0-7fcf-48b5-b12e-4791c0de51fd": 1,
      "6c60589b-7057-4dca-8980-76b90f1e58f9": 1,
      "afead523-0803-4b97-9a3a-2024f5af75e9": 1,
      "ea09e466-f7b7-4229-96fd-cf50d379c6ac": 0,
      "fd7628ea-8106-444f-a17b-92d1ab60b74d": 1,
      "7a7a5efa-49fb-4971-a3b3-6e9fb2d97041": 0,
      "2efd5be1-5621-48b6-81b8-fc4e83f5d935": 1,
      "995027a4-d069-4168-9cea-4f0f08646dfe": 1
    }
  },
  {
    "timestamp": "2025-07-28T13:58:45.994429+00:00",
    "assignments": {
      "mock_user_0_0b08e6": 0,
      "mock_user_1_bdc4a8": 0,
      "mock_user_2_e98b10": 2,
      "mock_user_3_f8bb8a": 2,
      "user123": 1,
      "mock_user_0_8e6d4a": 0,
      "mock_user_1_90a138": 0,
      "mock_user_2_00625d": 2,
      "mock_user_3_88b4a5": 2,
      "70135c33-1e36-45f6-a6a8-f39caa01227d": 1,
      "dffb2444-5362-449e-9106-b343a5e679c6": 1,
      "dffb2444-5362-449e-9106-b343a5e679c6-testdup1": 1,
      "dffb2444-5362-449e-9106-b343a5e679c6-testdup2": 1,
      "mock_user_0_187ca4": 0,
      "mock_user_1_05bf4b": 0,
      "mock_user_2_404771": 0,
      "mock_user_3_6bdf6f": 0,
      "mock_user_0_87d02e": 0,
      "mock_user_1_6a405f": 0,
      "mock_user_2_276c36": 1,
      "mock_user_3_870375": 1,
      "mock_user_0_0f2c5c": 0,
      "mock_user_1_276dce": 1,
      "mock_user_2_ada1f0": 0,
      "mock_user_3_808aaa": 0,
      "mock_user_0_34da0c": 0,
      "mock_user_1_9a3499": 1,
      "mock_user_2_a974b4": 2,
      "mock_user_3_ef6d1f": 2,
      "mock_user_0_ce80dd": 1,
      "mock_user_1_0a1fef": 0,
      "mock_user_2_c1cfe6": 0,
      "mock_user_3_14f8c0": 2,
      "mock_user_0_a44243": 2,
      "mock_user_1_4de875": 2,
      "mock_user_2_c5a480": 1,
      "mock_user_3_29280a": 0,
      "mock_user_0_057572": 0,
      "mock_user_1_4264ff": 0,
      "mock_user_2_c3cf7f": 0,
      "mock_user_3_ac2050": 1,
      "18cbeaa0-7fcf-48b5-b12e-4791c0de51fd": 1,
      "6c60589b-7057-4dca-8980-76b90f1e58f9": 1,
      "afead523-0803-4b97-9a3a-2024f5af75e9": 1,
      "ea09e466-f7b7-4229-96fd-cf50d379c6ac": 0,
      "fd7628ea-8106-444f-a17b-92d1ab60b74d": 1,
      "7a7a5efa-49fb-4971-a3b3-6e9fb2d97041": 0,
      "2efd5be1-5621-48b6-81b8-fc4e83f5d935": 1,
      "995027a4-d069-4168-9cea-4f0f08646dfe": 1,
      "0a92b99a-a937-4048-a841-525afb1e37d8": 1
    }
  },
  {
    "timestamp": "2025-07-28T14:01:37.018423+00:00",
    "assignments": {
      "mock_user_0_0b08e6": 1,
      "mock_user_1_bdc4a8": 1,
      "mock_user_2_e98b10": 2,
      "mock_user_3_f8bb8a": 2,
      "user123": 0,
      "mock_user_0_8e6d4a": 2,
      "mock_user_1_90a138": 1,
      "mock_user_2_00625d": 2,
      "mock_user_3_88b4a5": 2,
      "70135c33-1e36-45f6-a6a8-f39caa01227d": 0,
      "dffb2444-5362-449e-9106-b343a5e679c6": 0,
      "dffb2444-5362-449e-9106-b343a5e679c6-testdup1": 0,
      "dffb2444-5362-449e-9106-b343a5e679c6-testdup2": 0,
      "mock_user_0_187ca4": 1,
      "mock_user_1_05bf4b": 1,
      "mock_user_2_404771": 1,
      "mock_user_3_6bdf6f": 1,
      "mock_user_0_87d02e": 2,
      "mock_user_1_6a405f": 1,
      "mock_user_2_276c36": 0,
      "mock_user_3_870375": 0,
      "mock_user_0_0f2c5c": 1,
      "mock_user_1_276dce": 0,
      "mock_user_2_ada1f0": 1,
      "mock_user_3_808aaa": 1,
      "mock_user_0_34da0c": 1,
      "mock_user_1_9a3499": 0,
      "mock_user_2_a974b4": 2,
      "mock_user_3_ef6d1f": 0,
      "mock_user_0_ce80dd": 2,
      "mock_user_1_0a1fef": 2,
      "mock_user_2_c1cfe6": 1,
      "mock_user_3_14f8c0": 2,
      "mock_user_0_a44243": 2,
      "mock_user_1_4de875": 2,
      "mock_user_2_c5a480": 0,
      "mock_user_3_29280a": 1,
      "mock_user_0_057572": 1,
      "mock_user_1_4264ff": 2,
      "mock_user_2_c3cf7f": 1,
      "mock_user_3_ac2050": 2,
      "18cbeaa0-7fcf-48b5-b12e-4791c0de51fd": 0,
      "6c60589b-7057-4dca-8980-76b90f1e58f9": 0,
      "afead523-0803-4b97-9a3a-2024f5af75e9": 2,
      "ea09e466-f7b7-4229-96fd-cf50d379c6ac": 1,
      "fd7628ea-8106-444f-a17b-92d1ab60b74d": 0,
      "7a7a5efa-49fb-4971-a3b3-6e9fb2d97041": 1,
      "2efd5be1-5621-48b6-81b8-fc4e83f5d935": 0,
      "995027a4-d069-4168-9cea-4f0f08646dfe": 0,
      "0a92b99a-a937-4048-a841-525afb1e37d8": 2,
      "c7f62336-2b38-4791-b713-b8a61b0b2365": 0
    }
  },
  {
    "timestamp": "2025-07-28T14:01:39.242467+00:00",
    "assignments": {
      "mock_user_0_0b08e6": 1,
      "mock_user_1_bdc4a8": 1,
      "mock_user_2_e98b10": 2,
      "mock_user_3_f8bb8a": 2,
      "user123": 0,
      "mock_user_0_8e6d4a": 1,
      "mock_user_1_90a138": 1,
      "mock_user_2_00625d": 2,
      "mock_user_3_88b4a5": 2,
      "70135c33-1e36-45f6-a6a8-f39caa01227d": 0,
      "dffb2444-5362-449e-9106-b343a5e679c6": 0,
      "dffb2444-5362-449e-9106-b343a5e679c6-testdup1": 0,
      "dffb2444-5362-449e-9106-b343a5e679c6-testdup2": 0,
      "mock_user_0_187ca4": 1,
      "mock_user_1_05bf4b": 1,
      "mock_user_2_404771": 1,
      "mock_user_3_6bdf6f": 1,
      "mock_user_0_87d02e": 1,
      "mock_user_1_6a405f": 1,
      "mock_user_2_276c36": 0,
      "mock_user_3_870375": 0,
      "mock_user_0_0f2c5c": 1,
      "mock_user_1_276dce": 0,
      "mock_user_2_ada1f0": 1,
      "mock_user_3_808aaa": 1,
      "mock_user_0_34da0c": 1,
      "mock_user_1_9a3499": 0,
      "mock_user_2_a974b4": 2,
      "mock_user_3_ef6d1f": 0,
      "mock_user_0_ce80dd": 2,
      "mock_user_1_0a1fef": 1,
      "mock_user_2_c1cfe6": 1,
      "mock_user_3_14f8c0": 2,
      "mock_user_0_a44243": 2,
      "mock_user_1_4de875": 2,
      "mock_user_2_c5a480": 0,
      "mock_user_3_29280a": 1,
      "mock_user_0_057572": 1,
      "mock_user_1_4264ff": 1,
      "mock_user_2_c3cf7f": 1,
      "mock_user_3_ac2050": 2,
      "18cbeaa0-7fcf-48b5-b12e-4791c0de51fd": 0,
      "6c60589b-7057-4dca-8980-76b90f1e58f9": 0,
      "afead523-0803-4b97-9a3a-2024f5af75e9": 2,
      "ea09e466-f7b7-4229-96fd-cf50d379c6ac": 1,
      "fd7628ea-8106-444f-a17b-92d1ab60b74d": 0,
      "7a7a5efa-49fb-4971-a3b3-6e9fb2d97041": 1,
      "2efd5be1-5621-48b6-81b8-fc4e83f5d935": 0,
      "995027a4-d069-4168-9cea-4f0f08646dfe": 0,
      "0a92b99a-a937-4048-a841-525afb1e37d8": 2,
      "c7f62336-2b38-4791-b713-b8a61b0b2365": 0,
      "14e577c0-3c89-4bd2-a6e2-107cb2962367": 2
    }
  },
  {
    "timestamp": "2025-07-28T14:03:56.598733+00:00",
    "assignments": {
      "mock_user_0_0b08e6": 1,
      "mock_user_1_bdc4a8": 1,
      "mock_user_2_e98b10": 2,
      "mock_user_3_f8bb8a": 2,
      "user123": 0,
      "mock_user_0_8e6d4a": 1,
      "mock_user_1_90a138": 1,
      "mock_user_2_00625d": 2,
      "mock_user_3_88b4a5": 2,
      "70135c33-1e36-45f6-a6a8-f39caa01227d": 0,
      "dffb2444-5362-449e-9106-b343a5e679c6": 0,
      "dffb2444-5362-449e-9106-b343a5e679c6-testdup1": 0,
      "dffb2444-5362-449e-9106-b343a5e679c6-testdup2": 0,
      "mock_user_0_187ca4": 1,
      "mock_user_1_05bf4b": 1,
      "mock_user_2_404771": 1,
      "mock_user_3_6bdf6f": 1,
      "mock_user_0_87d02e": 1,
      "mock_user_1_6a405f": 1,
      "mock_user_2_276c36": 0,
      "mock_user_3_870375": 0,
      "mock_user_0_0f2c5c": 1,
      "mock_user_1_276dce": 0,
      "mock_user_2_ada1f0": 1,
      "mock_user_3_808aaa": 1,
      "mock_user_0_34da0c": 1,
      "mock_user_1_9a3499": 0,
      "mock_user_2_a974b4": 2,
      "mock_user_3_ef6d1f": 0,
      "mock_user_0_ce80dd": 2,
      "mock_user_1_0a1fef": 1,
      "mock_user_2_c1cfe6": 1,
      "mock_user_3_14f8c0": 2,
      "mock_user_0_a44243": 2,
      "mock_user_1_4de875": 2,
      "mock_user_2_c5a480": 0,
      "mock_user_3_29280a": 1,
      "mock_user_0_057572": 1,
      "mock_user_1_4264ff": 1,
      "mock_user_2_c3cf7f": 1,
      "mock_user_3_ac2050": 2,
      "18cbeaa0-7fcf-48b5-b12e-4791c0de51fd": 0,
      "6c60589b-7057-4dca-8980-76b90f1e58f9": 0,
      "afead523-0803-4b97-9a3a-2024f5af75e9": 2,
      "ea09e466-f7b7-4229-96fd-cf50d379c6ac": 1,
      "fd7628ea-8106-444f-a17b-92d1ab60b74d": 0,
      "7a7a5efa-49fb-4971-a3b3-6e9fb2d97041": 1,
      "2efd5be1-5621-48b6-81b8-fc4e83f5d935": 0,
      "995027a4-d069-4168-9cea-4f0f08646dfe": 0,
      "0a92b99a-a937-4048-a841-525afb1e37d8": 2,
      "c7f62336-2b38-4791-b713-b8a61b0b2365": 0,
      "14e577c0-3c89-4bd2-a6e2-107cb2962367": 2,
      "3ed0a806-d2cb-4e8e-8e70-9e588b0464fc": 0
    }
  },
  {
    "timestamp": "2025-07-28T14:03:57.871194+00:00",
    "assignments": {
      "mock_user_0_0b08e6": 2,
      "mock_user_1_bdc4a8": 0,
      "mock_user_2_e98b10": 1,
      "mock_user_3_f8bb8a": 1,
      "user123": 1,
      "mock_user_0_8e6d4a": 2,
      "mock_user_1_90a138": 2,
      "mock_user_2_00625d": 1,
      "mock_user_3_88b4a5": 1,
      "70135c33-1e36-45f6-a6a8-f39caa01227d": 0,
      "dffb2444-5362-449e-9106-b343a5e679c6": 0,
      "dffb2444-5362-449e-9106-b343a5e679c6-testdup1": 0,
      "dffb2444-5362-449e-9106-b343a5e679c6-testdup2": 0,
      "mock_user_0_187ca4": 2,
      "mock_user_1_05bf4b": 2,
      "mock_user_2_404771": 2,
      "mock_user_3_6bdf6f": 0,
      "mock_user_0_87d02e": 2,
      "mock_user_1_6a405f": 2,
      "mock_user_2_276c36": 0,
      "mock_user_3_870375": 0,
      "mock_user_0_0f2c5c": 2,
      "mock_user_1_276dce": 0,
      "mock_user_2_ada1f0": 2,
      "mock_user_3_808aaa": 0,
      "mock_user_0_34da0c": 2,
      "mock_user_1_9a3499": 0,
      "mock_user_2_a974b4": 1,
      "mock_user_3_ef6d1f": 1,
      "mock_user_0_ce80dd": 1,
      "mock_user_1_0a1fef": 2,
      "mock_user_2_c1cfe6": 0,
      "mock_user_3_14f8c0": 1,
      "mock_user_0_a44243": 1,
      "mock_user_1_4de875": 1,
      "mock_user_2_c5a480": 1,
      "mock_user_3_29280a": 2,
      "mock_user_0_057572": 0,
      "mock_user_1_4264ff": 2,
      "mock_user_2_c3cf7f": 0,
      "mock_user_3_ac2050": 1,
      "18cbeaa0-7fcf-48b5-b12e-4791c0de51fd": 0,
      "6c60589b-7057-4dca-8980-76b90f1e58f9": 0,
      "afead523-0803-4b97-9a3a-2024f5af75e9": 1,
      "ea09e466-f7b7-4229-96fd-cf50d379c6ac": 0,
      "fd7628ea-8106-444f-a17b-92d1ab60b74d": 1,
      "7a7a5efa-49fb-4971-a3b3-6e9fb2d97041": 0,
      "2efd5be1-5621-48b6-81b8-fc4e83f5d935": 1,
      "995027a4-d069-4168-9cea-4f0f08646dfe": 0,
      "0a92b99a-a937-4048-a841-525afb1e37d8": 1,
      "c7f62336-2b38-4791-b713-b8a61b0b2365": 0,
      "14e577c0-3c89-4bd2-a6e2-107cb2962367": 1,
      "3ed0a806-d2cb-4e8e-8e70-9e588b0464fc": 0,
      "8cd0f442-90be-4e7c-9663-285d1202584b": 1
    }
  },
  {
    "timestamp": "2025-07-28T14:06:29.885352+00:00",
    "assignments": {
      "mock_user_0_0b08e6": 2,
      "mock_user_1_bdc4a8": 0,
      "mock_user_2_e98b10": 1,
      "mock_user_3_f8bb8a": 1,
      "user123": 1,
      "mock_user_0_8e6d4a": 2,
      "mock_user_1_90a138": 2,
      "mock_user_2_00625d": 1,
      "mock_user_3_88b4a5": 1,
      "70135c33-1e36-45f6-a6a8-f39caa01227d": 0,
      "dffb2444-5362-449e-9106-b343a5e679c6": 0,
      "dffb2444-5362-449e-9106-b343a5e679c6-testdup1": 0,
      "dffb2444-5362-449e-9106-b343a5e679c6-testdup2": 0,
      "mock_user_0_187ca4": 2,
      "mock_user_1_05bf4b": 2,
      "mock_user_2_404771": 2,
      "mock_user_3_6bdf6f": 0,
      "mock_user_0_87d02e": 2,
      "mock_user_1_6a405f": 2,
      "mock_user_2_276c36": 0,
      "mock_user_3_870375": 0,
      "mock_user_0_0f2c5c": 2,
      "mock_user_1_276dce": 0,
      "mock_user_2_ada1f0": 2,
      "mock_user_3_808aaa": 0,
      "mock_user_0_34da0c": 2,
      "mock_user_1_9a3499": 0,
      "mock_user_2_a974b4": 1,
      "mock_user_3_ef6d1f": 1,
      "mock_user_0_ce80dd": 1,
      "mock_user_1_0a1fef": 2,
      "mock_user_2_c1cfe6": 0,
      "mock_user_3_14f8c0": 1,
      "mock_user_0_a44243": 1,
      "mock_user_1_4de875": 1,
      "mock_user_2_c5a480": 1,
      "mock_user_3_29280a": 2,
      "mock_user_0_057572": 0,
      "mock_user_1_4264ff": 2,
      "mock_user_2_c3cf7f": 0,
      "mock_user_3_ac2050": 1,
      "18cbeaa0-7fcf-48b5-b12e-4791c0de51fd": 0,
      "6c60589b-7057-4dca-8980-76b90f1e58f9": 0,
      "afead523-0803-4b97-9a3a-2024f5af75e9": 1,
      "ea09e466-f7b7-4229-96fd-cf50d379c6ac": 0,
      "fd7628ea-8106-444f-a17b-92d1ab60b74d": 1,
      "7a7a5efa-49fb-4971-a3b3-6e9fb2d97041": 0,
      "2efd5be1-5621-48b6-81b8-fc4e83f5d935": 1,
      "995027a4-d069-4168-9cea-4f0f08646dfe": 0,
      "0a92b99a-a937-4048-a841-525afb1e37d8": 1,
      "c7f62336-2b38-4791-b713-b8a61b0b2365": 0,
      "14e577c0-3c89-4bd2-a6e2-107cb2962367": 1,
      "3ed0a806-d2cb-4e8e-8e70-9e588b0464fc": 0,
      "8cd0f442-90be-4e7c-9663-285d1202584b": 1,
      "fc044092-7dc4-4f04-bdf3-8f26da617c93": 0
    }
  },
  {
    "timestamp": "2025-07-28T14:06:32.204745+00:00",
    "assignments": {
      "mock_user_0_0b08e6": 2,
      "mock_user_1_bdc4a8": 0,
      "mock_user_2_e98b10": 1,
      "mock_user_3_f8bb8a": 1,
      "user123": 1,
      "mock_user_0_8e6d4a": 2,
      "mock_user_1_90a138": 2,
      "mock_user_2_00625d": 1,
      "mock_user_3_88b4a5": 1,
      "70135c33-1e36-45f6-a6a8-f39caa01227d": 0,
      "dffb2444-5362-449e-9106-b343a5e679c6": 0,
      "dffb2444-5362-449e-9106-b343a5e679c6-testdup1": 0,
      "dffb2444-5362-449e-9106-b343a5e679c6-testdup2": 0,
      "mock_user_0_187ca4": 2,
      "mock_user_1_05bf4b": 2,
      "mock_user_2_404771": 2,
      "mock_user_3_6bdf6f": 0,
      "mock_user_0_87d02e": 2,
      "mock_user_1_6a405f": 2,
      "mock_user_2_276c36": 0,
      "mock_user_3_870375": 0,
      "mock_user_0_0f2c5c": 2,
      "mock_user_1_276dce": 0,
      "mock_user_2_ada1f0": 2,
      "mock_user_3_808aaa": 0,
      "mock_user_0_34da0c": 2,
      "mock_user_1_9a3499": 0,
      "mock_user_2_a974b4": 1,
      "mock_user_3_ef6d1f": 0,
      "mock_user_0_ce80dd": 1,
      "mock_user_1_0a1fef": 2,
      "mock_user_2_c1cfe6": 0,
      "mock_user_3_14f8c0": 1,
      "mock_user_0_a44243": 1,
      "mock_user_1_4de875": 1,
      "mock_user_2_c5a480": 1,
      "mock_user_3_29280a": 2,
      "mock_user_0_057572": 0,
      "mock_user_1_4264ff": 2,
      "mock_user_2_c3cf7f": 0,
      "mock_user_3_ac2050": 1,
      "18cbeaa0-7fcf-48b5-b12e-4791c0de51fd": 0,
      "6c60589b-7057-4dca-8980-76b90f1e58f9": 0,
      "afead523-0803-4b97-9a3a-2024f5af75e9": 1,
      "ea09e466-f7b7-4229-96fd-cf50d379c6ac": 0,
      "fd7628ea-8106-444f-a17b-92d1ab60b74d": 1,
      "7a7a5efa-49fb-4971-a3b3-6e9fb2d97041": 0,
      "2efd5be1-5621-48b6-81b8-fc4e83f5d935": 1,
      "995027a4-d069-4168-9cea-4f0f08646dfe": 0,
      "0a92b99a-a937-4048-a841-525afb1e37d8": 1,
      "c7f62336-2b38-4791-b713-b8a61b0b2365": 0,
      "14e577c0-3c89-4bd2-a6e2-107cb2962367": 1,
      "3ed0a806-d2cb-4e8e-8e70-9e588b0464fc": 0,
      "8cd0f442-90be-4e7c-9663-285d1202584b": 1,
      "fc044092-7dc4-4f04-bdf3-8f26da617c93": 0,
      "3842c6ad-5f7c-4833-87ee-68bc76d907c9": 1
    }
  },
  {
    "timestamp": "2025-07-28T14:13:27.571955+00:00",
    "assignments": {
      "mock_user_0_0b08e6": 0,
      "mock_user_1_bdc4a8": 0,
      "mock_user_2_e98b10": 2,
      "mock_user_3_f8bb8a": 2,
      "user123": 1,
      "mock_user_0_8e6d4a": 0,
      "mock_user_1_90a138": 0,
      "mock_user_2_00625d": 2,
      "mock_user_3_88b4a5": 2,
      "70135c33-1e36-45f6-a6a8-f39caa01227d": 1,
      "dffb2444-5362-449e-9106-b343a5e679c6": 1,
      "dffb2444-5362-449e-9106-b343a5e679c6-testdup1": 1,
      "dffb2444-5362-449e-9106-b343a5e679c6-testdup2": 1,
      "mock_user_0_187ca4": 0,
      "mock_user_1_05bf4b": 0,
      "mock_user_2_404771": 0,
      "mock_user_3_6bdf6f": 0,
      "mock_user_0_87d02e": 0,
      "mock_user_1_6a405f": 0,
      "mock_user_2_276c36": 1,
      "mock_user_3_870375": 1,
      "mock_user_0_0f2c5c": 0,
      "mock_user_1_276dce": 1,
      "mock_user_2_ada1f0": 0,
      "mock_user_3_808aaa": 0,
      "mock_user_0_34da0c": 0,
      "mock_user_1_9a3499": 1,
      "mock_user_2_a974b4": 2,
      "mock_user_3_ef6d1f": 2,
      "mock_user_0_ce80dd": 1,
      "mock_user_1_0a1fef": 0,
      "mock_user_2_c1cfe6": 0,
      "mock_user_3_14f8c0": 2,
      "mock_user_0_a44243": 2,
      "mock_user_1_4de875": 2,
      "mock_user_2_c5a480": 1,
      "mock_user_3_29280a": 0,
      "mock_user_0_057572": 0,
      "mock_user_1_4264ff": 0,
      "mock_user_2_c3cf7f": 0,
      "mock_user_3_ac2050": 1,
      "18cbeaa0-7fcf-48b5-b12e-4791c0de51fd": 1,
      "6c60589b-7057-4dca-8980-76b90f1e58f9": 1,
      "afead523-0803-4b97-9a3a-2024f5af75e9": 1,
      "ea09e466-f7b7-4229-96fd-cf50d379c6ac": 0,
      "fd7628ea-8106-444f-a17b-92d1ab60b74d": 1,
      "7a7a5efa-49fb-4971-a3b3-6e9fb2d97041": 0,
      "2efd5be1-5621-48b6-81b8-fc4e83f5d935": 1,
      "995027a4-d069-4168-9cea-4f0f08646dfe": 1,
      "0a92b99a-a937-4048-a841-525afb1e37d8": 1,
      "c7f62336-2b38-4791-b713-b8a61b0b2365": 1,
      "14e577c0-3c89-4bd2-a6e2-107cb2962367": 1,
      "3ed0a806-d2cb-4e8e-8e70-9e588b0464fc": 1,
      "8cd0f442-90be-4e7c-9663-285d1202584b": 1,
      "fc044092-7dc4-4f04-bdf3-8f26da617c93": 1,
      "3842c6ad-5f7c-4833-87ee-68bc76d907c9": 1,
      "5d3f08c9-9428-46ae-ae00-8b827208a092": 1
    }
  },
  {
    "timestamp": "2025-07-28T14:13:29.948596+00:00",
    "assignments": {
      "mock_user_0_0b08e6": 0,
      "mock_user_1_bdc4a8": 0,
      "mock_user_2_e98b10": 2,
      "mock_user_3_f8bb8a": 2,
      "user123": 1,
      "mock_user_0_8e6d4a": 0,
      "mock_user_1_90a138": 0,
      "mock_user_2_00625d": 2,
      "mock_user_3_88b4a5": 2,
      "70135c33-1e36-45f6-a6a8-f39caa01227d": 1,
      "dffb2444-5362-449e-9106-b343a5e679c6": 1,
      "dffb2444-5362-449e-9106-b343a5e679c6-testdup1": 1,
      "dffb2444-5362-449e-9106-b343a5e679c6-testdup2": 1,
      "mock_user_0_187ca4": 0,
      "mock_user_1_05bf4b": 0,
      "mock_user_2_404771": 0,
      "mock_user_3_6bdf6f": 0,
      "mock_user_0_87d02e": 0,
      "mock_user_1_6a405f": 0,
      "mock_user_2_276c36": 1,
      "mock_user_3_870375": 1,
      "mock_user_0_0f2c5c": 0,
      "mock_user_1_276dce": 1,
      "mock_user_2_ada1f0": 0,
      "mock_user_3_808aaa": 0,
      "mock_user_0_34da0c": 0,
      "mock_user_1_9a3499": 1,
      "mock_user_2_a974b4": 2,
      "mock_user_3_ef6d1f": 2,
      "mock_user_0_ce80dd": 1,
      "mock_user_1_0a1fef": 0,
      "mock_user_2_c1cfe6": 0,
      "mock_user_3_14f8c0": 2,
      "mock_user_0_a44243": 2,
      "mock_user_1_4de875": 2,
      "mock_user_2_c5a480": 1,
      "mock_user_3_29280a": 0,
      "mock_user_0_057572": 0,
      "mock_user_1_4264ff": 0,
      "mock_user_2_c3cf7f": 0,
      "mock_user_3_ac2050": 1,
      "18cbeaa0-7fcf-48b5-b12e-4791c0de51fd": 1,
      "6c60589b-7057-4dca-8980-76b90f1e58f9": 1,
      "afead523-0803-4b97-9a3a-2024f5af75e9": 1,
      "ea09e466-f7b7-4229-96fd-cf50d379c6ac": 0,
      "fd7628ea-8106-444f-a17b-92d1ab60b74d": 1,
      "7a7a5efa-49fb-4971-a3b3-6e9fb2d97041": 0,
      "2efd5be1-5621-48b6-81b8-fc4e83f5d935": 1,
      "995027a4-d069-4168-9cea-4f0f08646dfe": 1,
      "0a92b99a-a937-4048-a841-525afb1e37d8": 1,
      "c7f62336-2b38-4791-b713-b8a61b0b2365": 1,
      "14e577c0-3c89-4bd2-a6e2-107cb2962367": 1,
      "3ed0a806-d2cb-4e8e-8e70-9e588b0464fc": 1,
      "8cd0f442-90be-4e7c-9663-285d1202584b": 1,
      "fc044092-7dc4-4f04-bdf3-8f26da617c93": 1,
      "3842c6ad-5f7c-4833-87ee-68bc76d907c9": 1,
      "5d3f08c9-9428-46ae-ae00-8b827208a092": 1,
      "52138cae-bc91-4785-bd5c-f6a61340ec12": 1
    }
  },
  {
    "timestamp": "2025-07-28T14:15:58.949686+00:00",
    "assignments": {
      "mock_user_0_0b08e6": 1,
      "mock_user_1_bdc4a8": 1,
      "mock_user_2_e98b10": 2,
      "mock_user_3_f8bb8a": 2,
      "user123": 0,
      "mock_user_0_8e6d4a": 1,
      "mock_user_1_90a138": 1,
      "mock_user_2_00625d": 2,
      "mock_user_3_88b4a5": 2,
      "70135c33-1e36-45f6-a6a8-f39caa01227d": 0,
      "dffb2444-5362-449e-9106-b343a5e679c6": 0,
      "dffb2444-5362-449e-9106-b343a5e679c6-testdup1": 0,
      "dffb2444-5362-449e-9106-b343a5e679c6-testdup2": 0,
      "mock_user_0_187ca4": 1,
      "mock_user_1_05bf4b": 1,
      "mock_user_2_404771": 1,
      "mock_user_3_6bdf6f": 1,
      "mock_user_0_87d02e": 1,
      "mock_user_1_6a405f": 1,
      "mock_user_2_276c36": 0,
      "mock_user_3_870375": 0,
      "mock_user_0_0f2c5c": 1,
      "mock_user_1_276dce": 0,
      "mock_user_2_ada1f0": 1,
      "mock_user_3_808aaa": 1,
      "mock_user_0_34da0c": 1,
      "mock_user_1_9a3499": 0,
      "mock_user_2_a974b4": 2,
      "mock_user_3_ef6d1f": 2,
      "mock_user_0_ce80dd": 0,
      "mock_user_1_0a1fef": 1,
      "mock_user_2_c1cfe6": 1,
      "mock_user_3_14f8c0": 2,
      "mock_user_0_a44243": 2,
      "mock_user_1_4de875": 2,
      "mock_user_2_c5a480": 0,
      "mock_user_3_29280a": 1,
      "mock_user_0_057572": 1,
      "mock_user_1_4264ff": 1,
      "mock_user_2_c3cf7f": 1,
      "mock_user_3_ac2050": 0,
      "18cbeaa0-7fcf-48b5-b12e-4791c0de51fd": 0,
      "6c60589b-7057-4dca-8980-76b90f1e58f9": 0,
      "afead523-0803-4b97-9a3a-2024f5af75e9": 0,
      "ea09e466-f7b7-4229-96fd-cf50d379c6ac": 1,
      "fd7628ea-8106-444f-a17b-92d1ab60b74d": 0,
      "7a7a5efa-49fb-4971-a3b3-6e9fb2d97041": 1,
      "2efd5be1-5621-48b6-81b8-fc4e83f5d935": 0,
      "995027a4-d069-4168-9cea-4f0f08646dfe": 0,
      "0a92b99a-a937-4048-a841-525afb1e37d8": 0,
      "c7f62336-2b38-4791-b713-b8a61b0b2365": 0,
      "14e577c0-3c89-4bd2-a6e2-107cb2962367": 0,
      "3ed0a806-d2cb-4e8e-8e70-9e588b0464fc": 0,
      "8cd0f442-90be-4e7c-9663-285d1202584b": 0,
      "fc044092-7dc4-4f04-bdf3-8f26da617c93": 0,
      "3842c6ad-5f7c-4833-87ee-68bc76d907c9": 0,
      "5d3f08c9-9428-46ae-ae00-8b827208a092": 0,
      "52138cae-bc91-4785-bd5c-f6a61340ec12": 0,
      "b2d0a429-36d5-4322-aa64-3c5e6b1a001b": 1
    }
  },
  {
    "timestamp": "2025-07-28T14:15:59.916388+00:00",
    "assignments": {
      "mock_user_0_0b08e6": 1,
      "mock_user_1_bdc4a8": 1,
      "mock_user_2_e98b10": 2,
      "mock_user_3_f8bb8a": 2,
      "user123": 0,
      "mock_user_0_8e6d4a": 1,
      "mock_user_1_90a138": 1,
      "mock_user_2_00625d": 2,
      "mock_user_3_88b4a5": 2,
      "70135c33-1e36-45f6-a6a8-f39caa01227d": 0,
      "dffb2444-5362-449e-9106-b343a5e679c6": 0,
      "dffb2444-5362-449e-9106-b343a5e679c6-testdup1": 0,
      "dffb2444-5362-449e-9106-b343a5e679c6-testdup2": 0,
      "mock_user_0_187ca4": 1,
      "mock_user_1_05bf4b": 1,
      "mock_user_2_404771": 1,
      "mock_user_3_6bdf6f": 1,
      "mock_user_0_87d02e": 1,
      "mock_user_1_6a405f": 1,
      "mock_user_2_276c36": 0,
      "mock_user_3_870375": 0,
      "mock_user_0_0f2c5c": 1,
      "mock_user_1_276dce": 0,
      "mock_user_2_ada1f0": 1,
      "mock_user_3_808aaa": 1,
      "mock_user_0_34da0c": 1,
      "mock_user_1_9a3499": 0,
      "mock_user_2_a974b4": 2,
      "mock_user_3_ef6d1f": 2,
      "mock_user_0_ce80dd": 0,
      "mock_user_1_0a1fef": 1,
      "mock_user_2_c1cfe6": 1,
      "mock_user_3_14f8c0": 2,
      "mock_user_0_a44243": 2,
      "mock_user_1_4de875": 2,
      "mock_user_2_c5a480": 0,
      "mock_user_3_29280a": 1,
      "mock_user_0_057572": 1,
      "mock_user_1_4264ff": 1,
      "mock_user_2_c3cf7f": 1,
      "mock_user_3_ac2050": 0,
      "18cbeaa0-7fcf-48b5-b12e-4791c0de51fd": 0,
      "6c60589b-7057-4dca-8980-76b90f1e58f9": 0,
      "afead523-0803-4b97-9a3a-2024f5af75e9": 0,
      "ea09e466-f7b7-4229-96fd-cf50d379c6ac": 1,
      "fd7628ea-8106-444f-a17b-92d1ab60b74d": 0,
      "7a7a5efa-49fb-4971-a3b3-6e9fb2d97041": 1,
      "2efd5be1-5621-48b6-81b8-fc4e83f5d935": 0,
      "995027a4-d069-4168-9cea-4f0f08646dfe": 0,
      "0a92b99a-a937-4048-a841-525afb1e37d8": 0,
      "c7f62336-2b38-4791-b713-b8a61b0b2365": 0,
      "14e577c0-3c89-4bd2-a6e2-107cb2962367": 0,
      "3ed0a806-d2cb-4e8e-8e70-9e588b0464fc": 0,
      "8cd0f442-90be-4e7c-9663-285d1202584b": 0,
      "fc044092-7dc4-4f04-bdf3-8f26da617c93": 0,
      "3842c6ad-5f7c-4833-87ee-68bc76d907c9": 0,
      "5d3f08c9-9428-46ae-ae00-8b827208a092": 0,
      "52138cae-bc91-4785-bd5c-f6a61340ec12": 0,
      "b2d0a429-36d5-4322-aa64-3c5e6b1a001b": 1,
      "d08bad2a-a947-4a60-991b-f22a5e962bae": 0
    }
  },
  {
    "timestamp": "2025-07-28T14:16:48.206944+00:00",
    "assignments": {
      "mock_user_0_0b08e6": 1,
      "mock_user_1_bdc4a8": 1,
      "mock_user_2_e98b10": 2,
      "mock_user_3_f8bb8a": 2,
      "user123": 0,
      "mock_user_0_8e6d4a": 1,
      "mock_user_1_90a138": 1,
      "mock_user_2_00625d": 2,
      "mock_user_3_88b4a5": 2,
      "70135c33-1e36-45f6-a6a8-f39caa01227d": 0,
      "dffb2444-5362-449e-9106-b343a5e679c6": 0,
      "dffb2444-5362-449e-9106-b343a5e679c6-testdup1": 0,
      "dffb2444-5362-449e-9106-b343a5e679c6-testdup2": 0,
      "mock_user_0_187ca4": 1,
      "mock_user_1_05bf4b": 1,
      "mock_user_2_404771": 1,
      "mock_user_3_6bdf6f": 1,
      "mock_user_0_87d02e": 1,
      "mock_user_1_6a405f": 1,
      "mock_user_2_276c36": 0,
      "mock_user_3_870375": 0,
      "mock_user_0_0f2c5c": 1,
      "mock_user_1_276dce": 0,
      "mock_user_2_ada1f0": 1,
      "mock_user_3_808aaa": 1,
      "mock_user_0_34da0c": 1,
      "mock_user_1_9a3499": 0,
      "mock_user_2_a974b4": 2,
      "mock_user_3_ef6d1f": 2,
      "mock_user_0_ce80dd": 0,
      "mock_user_1_0a1fef": 1,
      "mock_user_2_c1cfe6": 1,
      "mock_user_3_14f8c0": 2,
      "mock_user_0_a44243": 2,
      "mock_user_1_4de875": 2,
      "mock_user_2_c5a480": 0,
      "mock_user_3_29280a": 1,
      "mock_user_0_057572": 1,
      "mock_user_1_4264ff": 1,
      "mock_user_2_c3cf7f": 1,
      "mock_user_3_ac2050": 0,
      "18cbeaa0-7fcf-48b5-b12e-4791c0de51fd": 0,
      "6c60589b-7057-4dca-8980-76b90f1e58f9": 0,
      "afead523-0803-4b97-9a3a-2024f5af75e9": 0,
      "ea09e466-f7b7-4229-96fd-cf50d379c6ac": 1,
      "fd7628ea-8106-444f-a17b-92d1ab60b74d": 0,
      "7a7a5efa-49fb-4971-a3b3-6e9fb2d97041": 1,
      "2efd5be1-5621-48b6-81b8-fc4e83f5d935": 0,
      "995027a4-d069-4168-9cea-4f0f08646dfe": 0,
      "0a92b99a-a937-4048-a841-525afb1e37d8": 0,
      "c7f62336-2b38-4791-b713-b8a61b0b2365": 0,
      "14e577c0-3c89-4bd2-a6e2-107cb2962367": 0,
      "3ed0a806-d2cb-4e8e-8e70-9e588b0464fc": 0,
      "8cd0f442-90be-4e7c-9663-285d1202584b": 0,
      "fc044092-7dc4-4f04-bdf3-8f26da617c93": 0,
      "3842c6ad-5f7c-4833-87ee-68bc76d907c9": 0,
      "5d3f08c9-9428-46ae-ae00-8b827208a092": 0,
      "52138cae-bc91-4785-bd5c-f6a61340ec12": 0,
      "b2d0a429-36d5-4322-aa64-3c5e6b1a001b": 1,
      "d08bad2a-a947-4a60-991b-f22a5e962bae": 0,
      "48696f42-b75c-4bf3-8263-6e43d07a564a": 0
    }
  },
  {
    "timestamp": "2025-07-28T14:16:50.754347+00:00",
    "assignments": {
      "mock_user_0_0b08e6": 0,
      "mock_user_1_bdc4a8": 0,
      "mock_user_2_e98b10": 2,
      "mock_user_3_f8bb8a": 2,
      "user123": 1,
      "mock_user_0_8e6d4a": 2,
      "mock_user_1_90a138": 0,
      "mock_user_2_00625d": 2,
      "mock_user_3_88b4a5": 2,
      "70135c33-1e36-45f6-a6a8-f39caa01227d": 1,
      "dffb2444-5362-449e-9106-b343a5e679c6": 1,
      "dffb2444-5362-449e-9106-b343a5e679c6-testdup1": 1,
      "dffb2444-5362-449e-9106-b343a5e679c6-testdup2": 1,
      "mock_user_0_187ca4": 0,
      "mock_user_1_05bf4b": 0,
      "mock_user_2_404771": 0,
      "mock_user_3_6bdf6f": 0,
      "mock_user_0_87d02e": 0,
      "mock_user_1_6a405f": 0,
      "mock_user_2_276c36": 1,
      "mock_user_3_870375": 1,
      "mock_user_0_0f2c5c": 0,
      "mock_user_1_276dce": 1,
      "mock_user_2_ada1f0": 0,
      "mock_user_3_808aaa": 0,
      "mock_user_0_34da0c": 0,
      "mock_user_1_9a3499": 1,
      "mock_user_2_a974b4": 2,
      "mock_user_3_ef6d1f": 2,
      "mock_user_0_ce80dd": 1,
      "mock_user_1_0a1fef": 2,
      "mock_user_2_c1cfe6": 0,
      "mock_user_3_14f8c0": 1,
      "mock_user_0_a44243": 2,
      "mock_user_1_4de875": 2,
      "mock_user_2_c5a480": 1,
      "mock_user_3_29280a": 0,
      "mock_user_0_057572": 0,
      "mock_user_1_4264ff": 2,
      "mock_user_2_c3cf7f": 0,
      "mock_user_3_ac2050": 1,
      "18cbeaa0-7fcf-48b5-b12e-4791c0de51fd": 1,
      "6c60589b-7057-4dca-8980-76b90f1e58f9": 1,
      "afead523-0803-4b97-9a3a-2024f5af75e9": 1,
      "ea09e466-f7b7-4229-96fd-cf50d379c6ac": 0,
      "fd7628ea-8106-444f-a17b-92d1ab60b74d": 1,
      "7a7a5efa-49fb-4971-a3b3-6e9fb2d97041": 0,
      "2efd5be1-5621-48b6-81b8-fc4e83f5d935": 1,
      "995027a4-d069-4168-9cea-4f0f08646dfe": 1,
      "0a92b99a-a937-4048-a841-525afb1e37d8": 1,
      "c7f62336-2b38-4791-b713-b8a61b0b2365": 1,
      "14e577c0-3c89-4bd2-a6e2-107cb2962367": 1,
      "3ed0a806-d2cb-4e8e-8e70-9e588b0464fc": 1,
      "8cd0f442-90be-4e7c-9663-285d1202584b": 1,
      "fc044092-7dc4-4f04-bdf3-8f26da617c93": 1,
      "3842c6ad-5f7c-4833-87ee-68bc76d907c9": 1,
      "5d3f08c9-9428-46ae-ae00-8b827208a092": 1,
      "52138cae-bc91-4785-bd5c-f6a61340ec12": 1,
      "b2d0a429-36d5-4322-aa64-3c5e6b1a001b": 0,
      "d08bad2a-a947-4a60-991b-f22a5e962bae": 1,
      "48696f42-b75c-4bf3-8263-6e43d07a564a": 1,
      "df6d470f-50a4-4190-b127-ddd0afbb72bc": 1
    }
  },
  {
    "timestamp": "2025-07-28T14:32:43.607307+00:00",
    "assignments": {
      "mock_user_0_0b08e6": 0,
      "mock_user_1_bdc4a8": 0,
      "mock_user_2_e98b10": 2,
      "mock_user_3_f8bb8a": 2,
      "user123": 1,
      "mock_user_0_8e6d4a": 3,
      "mock_user_1_90a138": 0,
      "mock_user_2_00625d": 2,
      "mock_user_3_88b4a5": 2,
      "70135c33-1e36-45f6-a6a8-f39caa01227d": 4,
      "dffb2444-5362-449e-9106-b343a5e679c6": 4,
      "dffb2444-5362-449e-9106-b343a5e679c6-testdup1": 4,
      "dffb2444-5362-449e-9106-b343a5e679c6-testdup2": 4,
      "mock_user_0_187ca4": 0,
      "mock_user_1_05bf4b": 3,
      "mock_user_2_404771": 0,
      "mock_user_3_6bdf6f": 0,
      "mock_user_0_87d02e": 3,
      "mock_user_1_6a405f": 0,
      "mock_user_2_276c36": 4,
      "mock_user_3_870375": 4,
      "mock_user_0_0f2c5c": 0,
      "mock_user_1_276dce": 4,
      "mock_user_2_ada1f0": 0,
      "mock_user_3_808aaa": 0,
      "mock_user_0_34da0c": 0,
      "mock_user_1_9a3499": 4,
      "mock_user_2_a974b4": 2,
      "mock_user_3_ef6d1f": 2,
      "mock_user_0_ce80dd": 1,
      "mock_user_1_0a1fef": 3,
      "mock_user_2_c1cfe6": 0,
      "mock_user_3_14f8c0": 2,
      "mock_user_0_a44243": 2,
      "mock_user_1_4de875": 2,
      "mock_user_2_c5a480": 1,
      "mock_user_3_29280a": 0,
      "mock_user_0_057572": 0,
      "mock_user_1_4264ff": 3,
      "mock_user_2_c3cf7f": 0,
      "mock_user_3_ac2050": 1,
      "18cbeaa0-7fcf-48b5-b12e-4791c0de51fd": 4,
      "6c60589b-7057-4dca-8980-76b90f1e58f9": 4,
      "afead523-0803-4b97-9a3a-2024f5af75e9": 1,
      "ea09e466-f7b7-4229-96fd-cf50d379c6ac": 0,
      "fd7628ea-8106-444f-a17b-92d1ab60b74d": 1,
      "7a7a5efa-49fb-4971-a3b3-6e9fb2d97041": 0,
      "2efd5be1-5621-48b6-81b8-fc4e83f5d935": 1,
      "995027a4-d069-4168-9cea-4f0f08646dfe": 4,
      "0a92b99a-a937-4048-a841-525afb1e37d8": 1,
      "c7f62336-2b38-4791-b713-b8a61b0b2365": 4,
      "14e577c0-3c89-4bd2-a6e2-107cb2962367": 1,
      "3ed0a806-d2cb-4e8e-8e70-9e588b0464fc": 4,
      "8cd0f442-90be-4e7c-9663-285d1202584b": 1,
      "fc044092-7dc4-4f04-bdf3-8f26da617c93": 4,
      "3842c6ad-5f7c-4833-87ee-68bc76d907c9": 1,
      "5d3f08c9-9428-46ae-ae00-8b827208a092": 4,
      "52138cae-bc91-4785-bd5c-f6a61340ec12": 1,
      "b2d0a429-36d5-4322-aa64-3c5e6b1a001b": 0,
      "d08bad2a-a947-4a60-991b-f22a5e962bae": 1,
      "48696f42-b75c-4bf3-8263-6e43d07a564a": 4,
      "df6d470f-50a4-4190-b127-ddd0afbb72bc": 1
    }
  },
  {
    "timestamp": "2025-07-28T15:06:43.903675+00:00",
    "assignments": {
      "mock_user_0_0b08e6": 0,
      "mock_user_1_bdc4a8": 0,
      "mock_user_2_e98b10": 2,
      "mock_user_3_f8bb8a": 2,
      "user123": 1,
      "mock_user_0_8e6d4a": 2,
      "mock_user_1_90a138": 0,
      "mock_user_2_00625d": 2,
      "mock_user_3_88b4a5": 2,
      "70135c33-1e36-45f6-a6a8-f39caa01227d": 1,
      "dffb2444-5362-449e-9106-b343a5e679c6": 1,
      "dffb2444-5362-449e-9106-b343a5e679c6-testdup1": 1,
      "dffb2444-5362-449e-9106-b343a5e679c6-testdup2": 1,
      "mock_user_0_187ca4": 0,
      "mock_user_1_05bf4b": 0,
      "mock_user_2_404771": 0,
      "mock_user_3_6bdf6f": 0,
      "mock_user_0_87d02e": 0,
      "mock_user_1_6a405f": 0,
      "mock_user_2_276c36": 1,
      "mock_user_3_870375": 1,
      "mock_user_0_0f2c5c": 0,
      "mock_user_1_276dce": 1,
      "mock_user_2_ada1f0": 0,
      "mock_user_3_808aaa": 0,
      "mock_user_0_34da0c": 0,
      "mock_user_1_9a3499": 1,
      "mock_user_2_a974b4": 2,
      "mock_user_3_ef6d1f": 2,
      "mock_user_0_ce80dd": 1,
      "mock_user_1_0a1fef": 2,
      "mock_user_2_c1cfe6": 0,
      "mock_user_3_14f8c0": 1,
      "mock_user_0_a44243": 2,
      "mock_user_1_4de875": 2,
      "mock_user_2_c5a480": 1,
      "mock_user_3_29280a": 0,
      "mock_user_0_057572": 0,
      "mock_user_1_4264ff": 2,
      "mock_user_2_c3cf7f": 0,
      "mock_user_3_ac2050": 1,
      "18cbeaa0-7fcf-48b5-b12e-4791c0de51fd": 1,
      "6c60589b-7057-4dca-8980-76b90f1e58f9": 1,
      "afead523-0803-4b97-9a3a-2024f5af75e9": 1,
      "ea09e466-f7b7-4229-96fd-cf50d379c6ac": 0,
      "fd7628ea-8106-444f-a17b-92d1ab60b74d": 1,
      "7a7a5efa-49fb-4971-a3b3-6e9fb2d97041": 0,
      "2efd5be1-5621-48b6-81b8-fc4e83f5d935": 1,
      "995027a4-d069-4168-9cea-4f0f08646dfe": 1,
      "0a92b99a-a937-4048-a841-525afb1e37d8": 1,
      "c7f62336-2b38-4791-b713-b8a61b0b2365": 1,
      "14e577c0-3c89-4bd2-a6e2-107cb2962367": 1,
      "3ed0a806-d2cb-4e8e-8e70-9e588b0464fc": 1,
      "8cd0f442-90be-4e7c-9663-285d1202584b": 1,
      "fc044092-7dc4-4f04-bdf3-8f26da617c93": 1,
      "3842c6ad-5f7c-4833-87ee-68bc76d907c9": 1,
      "5d3f08c9-9428-46ae-ae00-8b827208a092": 1,
      "52138cae-bc91-4785-bd5c-f6a61340ec12": 1,
      "b2d0a429-36d5-4322-aa64-3c5e6b1a001b": 0,
      "d08bad2a-a947-4a60-991b-f22a5e962bae": 1,
      "48696f42-b75c-4bf3-8263-6e43d07a564a": 1,
      "df6d470f-50a4-4190-b127-ddd0afbb72bc": 1,
      "b8bb363a-b9c0-4078-b843-45091b2d4d1f": 0
    }
  },
  {
    "timestamp": "2025-07-28T15:06:44.982309+00:00",
    "assignments": {
      "mock_user_0_0b08e6": 0,
      "mock_user_1_bdc4a8": 0,
      "mock_user_2_e98b10": 2,
      "mock_user_3_f8bb8a": 2,
      "user123": 1,
      "mock_user_0_8e6d4a": 2,
      "mock_user_1_90a138": 0,
      "mock_user_2_00625d": 2,
      "mock_user_3_88b4a5": 2,
      "70135c33-1e36-45f6-a6a8-f39caa01227d": 1,
      "dffb2444-5362-449e-9106-b343a5e679c6": 1,
      "dffb2444-5362-449e-9106-b343a5e679c6-testdup1": 1,
      "dffb2444-5362-449e-9106-b343a5e679c6-testdup2": 1,
      "mock_user_0_187ca4": 0,
      "mock_user_1_05bf4b": 0,
      "mock_user_2_404771": 0,
      "mock_user_3_6bdf6f": 0,
      "mock_user_0_87d02e": 0,
      "mock_user_1_6a405f": 0,
      "mock_user_2_276c36": 1,
      "mock_user_3_870375": 1,
      "mock_user_0_0f2c5c": 0,
      "mock_user_1_276dce": 1,
      "mock_user_2_ada1f0": 0,
      "mock_user_3_808aaa": 0,
      "mock_user_0_34da0c": 0,
      "mock_user_1_9a3499": 1,
      "mock_user_2_a974b4": 2,
      "mock_user_3_ef6d1f": 2,
      "mock_user_0_ce80dd": 1,
      "mock_user_1_0a1fef": 2,
      "mock_user_2_c1cfe6": 0,
      "mock_user_3_14f8c0": 1,
      "mock_user_0_a44243": 2,
      "mock_user_1_4de875": 2,
      "mock_user_2_c5a480": 1,
      "mock_user_3_29280a": 0,
      "mock_user_0_057572": 0,
      "mock_user_1_4264ff": 2,
      "mock_user_2_c3cf7f": 0,
      "mock_user_3_ac2050": 1,
      "18cbeaa0-7fcf-48b5-b12e-4791c0de51fd": 1,
      "6c60589b-7057-4dca-8980-76b90f1e58f9": 1,
      "afead523-0803-4b97-9a3a-2024f5af75e9": 1,
      "ea09e466-f7b7-4229-96fd-cf50d379c6ac": 0,
      "fd7628ea-8106-444f-a17b-92d1ab60b74d": 1,
      "7a7a5efa-49fb-4971-a3b3-6e9fb2d97041": 0,
      "2efd5be1-5621-48b6-81b8-fc4e83f5d935": 1,
      "995027a4-d069-4168-9cea-4f0f08646dfe": 1,
      "0a92b99a-a937-4048-a841-525afb1e37d8": 1,
      "c7f62336-2b38-4791-b713-b8a61b0b2365": 1,
      "14e577c0-3c89-4bd2-a6e2-107cb2962367": 1,
      "3ed0a806-d2cb-4e8e-8e70-9e588b0464fc": 1,
      "8cd0f442-90be-4e7c-9663-285d1202584b": 1,
      "fc044092-7dc4-4f04-bdf3-8f26da617c93": 1,
      "3842c6ad-5f7c-4833-87ee-68bc76d907c9": 1,
      "5d3f08c9-9428-46ae-ae00-8b827208a092": 1,
      "52138cae-bc91-4785-bd5c-f6a61340ec12": 1,
      "b2d0a429-36d5-4322-aa64-3c5e6b1a001b": 0,
      "d08bad2a-a947-4a60-991b-f22a5e962bae": 1,
      "48696f42-b75c-4bf3-8263-6e43d07a564a": 1,
      "df6d470f-50a4-4190-b127-ddd0afbb72bc": 1,
      "b8bb363a-b9c0-4078-b843-45091b2d4d1f": 0,
      "94880144-0876-4e0d-bbe0-6499ccf5e331": 1
    }
  },
  {
    "timestamp": "2025-07-31T09:21:05.522618+00:00",
    "assignments": {
      "mock_user_0_0b08e6": 0,
      "mock_user_1_bdc4a8": 0,
      "mock_user_2_e98b10": 2,
      "mock_user_3_f8bb8a": 2,
      "user123": 1,
      "mock_user_0_8e6d4a": 0,
      "mock_user_1_90a138": 0,
      "mock_user_2_00625d": 2,
      "mock_user_3_88b4a5": 2,
      "70135c33-1e36-45f6-a6a8-f39caa01227d": 1,
      "dffb2444-5362-449e-9106-b343a5e679c6": 1,
      "dffb2444-5362-449e-9106-b343a5e679c6-testdup1": 1,
      "dffb2444-5362-449e-9106-b343a5e679c6-testdup2": 1,
      "mock_user_0_187ca4": 0,
      "mock_user_1_05bf4b": 0,
      "mock_user_2_404771": 0,
      "mock_user_3_6bdf6f": 0,
      "mock_user_0_87d02e": 0,
      "mock_user_1_6a405f": 0,
      "mock_user_2_276c36": 1,
      "mock_user_3_870375": 1,
      "mock_user_0_0f2c5c": 0,
      "mock_user_1_276dce": 1,
      "mock_user_2_ada1f0": 0,
      "mock_user_3_808aaa": 0,
      "mock_user_0_34da0c": 0,
      "mock_user_1_9a3499": 1,
      "mock_user_2_a974b4": 2,
      "mock_user_3_ef6d1f": 2,
      "mock_user_0_ce80dd": 1,
      "mock_user_1_0a1fef": 0,
      "mock_user_2_c1cfe6": 0,
      "mock_user_3_14f8c0": 2,
      "mock_user_0_a44243": 2,
      "mock_user_1_4de875": 2,
      "mock_user_2_c5a480": 1,
      "mock_user_3_29280a": 0,
      "mock_user_0_057572": 0,
      "mock_user_1_4264ff": 0,
      "mock_user_2_c3cf7f": 0,
      "mock_user_3_ac2050": 1,
      "18cbeaa0-7fcf-48b5-b12e-4791c0de51fd": 1,
      "6c60589b-7057-4dca-8980-76b90f1e58f9": 1,
      "afead523-0803-4b97-9a3a-2024f5af75e9": 1,
      "ea09e466-f7b7-4229-96fd-cf50d379c6ac": 0,
      "fd7628ea-8106-444f-a17b-92d1ab60b74d": 1,
      "7a7a5efa-49fb-4971-a3b3-6e9fb2d97041": 0,
      "2efd5be1-5621-48b6-81b8-fc4e83f5d935": 1,
      "995027a4-d069-4168-9cea-4f0f08646dfe": 1,
      "0a92b99a-a937-4048-a841-525afb1e37d8": 1,
      "c7f62336-2b38-4791-b713-b8a61b0b2365": 1,
      "14e577c0-3c89-4bd2-a6e2-107cb2962367": 1,
      "3ed0a806-d2cb-4e8e-8e70-9e588b0464fc": 1,
      "8cd0f442-90be-4e7c-9663-285d1202584b": 1,
      "fc044092-7dc4-4f04-bdf3-8f26da617c93": 1,
      "3842c6ad-5f7c-4833-87ee-68bc76d907c9": 1,
      "5d3f08c9-9428-46ae-ae00-8b827208a092": 1,
      "52138cae-bc91-4785-bd5c-f6a61340ec12": 1,
      "b2d0a429-36d5-4322-aa64-3c5e6b1a001b": 0,
      "d08bad2a-a947-4a60-991b-f22a5e962bae": 1,
      "48696f42-b75c-4bf3-8263-6e43d07a564a": 1,
      "df6d470f-50a4-4190-b127-ddd0afbb72bc": 1,
      "b8bb363a-b9c0-4078-b843-45091b2d4d1f": 0,
      "94880144-0876-4e0d-bbe0-6499ccf5e331": 1,
      "mock_user_0_a67d6d": 0,
      "mock_user_1_2a4332": 0,
      "mock_user_2_00a88a": 2,
      "mock_user_3_9af97c": 2,
      "418c0691-8772-48ed-aff6-73ae42187edb": 1
    }
  }
]